{"cameraMode":{"drawMode":0,"name":"Shaded","section":"Shading Mode"},"sceneLighting":false,"audioPlay":false,"sceneViewState":{"m_AlwaysRefresh":false,"showFog":false,"showSkybox":false,"showFlares":false,"showImageEffects":false,"showParticleSystems":false,"showVisualEffectGraphs":true,"m_FxEnabled":true},"in2DMode":false,"pivot":{"x":-1.1920928955078126e-7,"y":0.5799418687820435,"z":0.014268390834331513},"rotation":{"x":0.11953690648078919,"y":0.17917601764202119,"z":-0.021858662366867067,"w":0.9763669371604919},"size":0.8671229481697083,"orthographic":false}