{"cameraMode":{"drawMode":0,"name":"Shaded","section":"Shading Mode"},"sceneLighting":false,"audioPlay":false,"sceneViewState":{"m_AlwaysRefresh":false,"showFog":false,"showSkybox":false,"showFlares":false,"showImageEffects":false,"showParticleSystems":false,"showVisualEffectGraphs":true,"m_FxEnabled":true},"in2DMode":false,"pivot":{"x":0.31619134545326235,"y":0.5272638201713562,"z":0.7406305074691773},"rotation":{"x":0.022801412269473077,"y":0.03147546947002411,"z":-0.0006320885731838644,"w":0.9993218779563904},"size":0.9780040979385376,"orthographic":false}