{"cameraMode":{"drawMode":0,"name":"Shaded","section":"Shading Mode"},"sceneLighting":true,"audioPlay":false,"sceneViewState":{"m_AlwaysRefresh":false,"showFog":true,"showSkybox":true,"showFlares":true,"showImageEffects":true,"showParticleSystems":true,"showVisualEffectGraphs":true,"m_FxEnabled":true},"in2DMode":false,"pivot":{"x":-2.210563898086548,"y":1.864809274673462,"z":-4.946813106536865},"rotation":{"x":0.034779030829668048,"y":0.03895650804042816,"z":-0.0013327343622222543,"w":0.9986975193023682},"size":0.38568493723869326,"orthographic":false}