{"cameraMode":{"drawMode":0,"name":"Shaded","section":"Shading Mode"},"sceneLighting":false,"audioPlay":false,"sceneViewState":{"m_AlwaysRefresh":false,"showFog":true,"showSkybox":false,"showFlares":true,"showImageEffects":true,"showParticleSystems":true,"showVisualEffectGraphs":true,"m_FxEnabled":true},"in2DMode":false,"pivot":{"x":0.16645729541778565,"y":0.5867083072662354,"z":0.40673017501831057},"rotation":{"x":0.034946512430906299,"y":0.7124475836753845,"z":-0.03589031845331192,"w":0.7001972198486328},"size":2.1485135555267336,"orthographic":false}