{"cameraMode":{"drawMode":0,"name":"Shaded","section":"Shading Mode"},"sceneLighting":false,"audioPlay":false,"sceneViewState":{"m_AlwaysRefresh":false,"showFog":true,"showSkybox":false,"showFlares":true,"showImageEffects":true,"showParticleSystems":true,"showVisualEffectGraphs":true,"m_FxEnabled":true},"in2DMode":false,"pivot":{"x":0.006834902800619602,"y":-0.44290798902511599,"z":-0.36538904905319216},"rotation":{"x":-0.010263834148645401,"y":0.9661720395088196,"z":-0.2555699944496155,"w":-0.03791266307234764},"size":1.0166258811950684,"orthographic":false}